{
    "X0G79-1": {
        "name": "",
        "company": null,
        "street": null,
        "zipcode": null,
        "city": null,
        "country": null,
        "state": null
    },
    "D0YHN-1": {
        "name": "",
        "company": null,
        "street": null,
        "zipcode": null,
        "city": null,
        "country": null,
        "state": null
    },
    "G0FJF-1": {
        "name": "",
        "company": null,
        "street": null,
        "zipcode": null,
        "city": null,
        "country": null,
        "state": null
    },
    "X0G79-2": {
        "name": "",
        "company": null,
        "street": null,
        "zipcode": null,
        "city": null,
        "country": null,
        "state": null
    }
}