{
    "X0G79": {
        "last_modified": "2025-10-12T20:32:32.285410Z",
        "is_business": false,
        "company": "",
        "name": "",
        "name_parts": {
            "_scheme": "given_family"
        },
        "street": "",
        "zipcode": "",
        "city": "",
        "country": "",
        "state": "",
        "vat_id": "",
        "vat_id_validated": false,
        "custom_field": null,
        "internal_reference": ""
    },
    "D0YHN": {
        "last_modified": "2025-10-16T09:24:14.445123Z",
        "is_business": false,
        "company": "",
        "name": "",
        "name_parts": {
            "_scheme": "given_family"
        },
        "street": "",
        "zipcode": "",
        "city": "",
        "country": "",
        "state": "",
        "vat_id": "",
        "vat_id_validated": false,
        "custom_field": null,
        "internal_reference": ""
    },
    "G0FJF": {
        "last_modified": "2025-10-16T09:25:20.999297Z",
        "is_business": false,
        "company": "",
        "name": "",
        "name_parts": {
            "_scheme": "given_family"
        },
        "street": "",
        "zipcode": "",
        "city": "",
        "country": "",
        "state": "",
        "vat_id": "",
        "vat_id_validated": false,
        "custom_field": null,
        "internal_reference": ""
    }
}